{"total_revenue": 20683752.245006856, "revenue_per_region": {"France": 2213877.21099984, "United States": 4587794.878999568, "India": 1692236.4009998492, "United Kingdom": 4410573.975999488, "China": 912291.2940000148, "Germany": 1999042.04799976, "Canada": 1720671.8619998104, "Italy": 1104618.8150000083, "Japan": 1271401.4039999626, "Russia": 771317.1550000184}, "file_name": "2015"}