{"total_revenue": 21493218.592010424, "revenue_per_region": {"United States": 4164833.920999495, "Russia": 1405669.4139999116, "India": 3028964.6689997134, "Germany": 2084211.4269997417, "Canada": 1780207.161999797, "United Kingdom": 3769398.9839995746, "Italy": 1099943.5199999951, "Japan": 1317518.8339999532, "France": 1933642.3199996992, "China": 909033.9610000108}, "file_name": "2016"}