{"total_revenue": 23002779.914011206, "revenue_per_region": {"Germany": 2633481.8979996997, "United Kingdom": 5213959.188999466, "France": 2410945.473999692, "Canada": 2136029.573999653, "Japan": 1023822.4930000178, "Italy": 1241122.9089999504, "United States": 3689693.8239994845, "India": 2179182.235999732, "Russia": 1623738.41799995, "China": 850915.679000018}, "file_name": "2017"}