{"total_revenue": 27107319.3390144, "revenue_per_region": {"France": 2535158.5059996555, "United Kingdom": 4424134.155999426, "India": 3624641.5619997196, "Germany": 2848414.7829997884, "Canada": 2879380.837999795, "United States": 5577276.419999438, "Italy": 1592184.9569999324, "Russia": 1236670.3449999923, "Japan": 1198325.4299999862, "China": 1191279.6719999942}, "file_name": "2019"}