{"total_revenue": 32129929.249021284, "revenue_per_region": {"Canada": 2943469.3109996556, "France": 3021699.904999693, "Russia": 1669360.814999858, "United States": 7235611.156999284, "United Kingdom": 6291216.839999231, "Germany": 3315395.8949997425, "India": 2687389.5299995956, "China": 1593765.8999998556, "Japan": 1845020.4799998796, "Italy": 1527126.7059998394}, "file_name": "2021"}