{"total_revenue": 2265514.6759997993, "revenue_per_region": {"France": 119374.75100000021, "United States": 583205.5590000105, "India": 201634.9490000025, "United Kingdom": 685184.4670000093, "China": 51776.66399999985, "Germany": 204787.72300000163, "Canada": 247536.2030000024, "Italy": 67570.03399999991, "Japan": 44342.27699999988, "Russia": 60174.84899999968}, "file_name": "2015"}