{"total_revenue": 2182296.6069997083, "revenue_per_region": {"Italy": 138279.71300000025, "Russia": 45856.22699999985, "Canada": 207380.6540000017, "China": 169976.69000000242, "United States": 419100.81300001545, "United Kingdom": 630329.2500000136, "France": 174299.7430000016, "India": 97028.18399999924, "Germany": 228624.89300000184, "Japan": 71647.03999999979}, "file_name": "2016"}