{"total_revenue": 2081475.1079997467, "revenue_per_region": {"Japan": 195565.1490000015, "Canada": 130649.83999999946, "United States": 456056.6990000164, "France": 237454.22700000252, "China": 265664.7900000029, "United Kingdom": 332960.15800000774, "India": 112647.72499999957, "Germany": 184079.89300000225, "Russia": 109447.99199999988, "Italy": 57028.194999999825}, "file_name": "2017"}