{"total_revenue": 2855131.3329997472, "revenue_per_region": {"United Kingdom": 441791.4290000169, "Russia": 87128.37999999964, "United States": 440634.24000001576, "Japan": 417965.6910000028, "Germany": 253322.9330000033, "India": 287517.52600000676, "Canada": 287613.4960000032, "Italy": 392249.87000000174, "China": 58399.010999999984, "France": 188814.7070000001}, "file_name": "2018"}