{"total_revenue": 2703978.2939997506, "revenue_per_region": {"Russia": 128384.35799999995, "United States": 698518.9570000046, "France": 163830.84700000272, "United Kingdom": 713114.2820000106, "Japan": 104516.70399999959, "Canada": 175189.75200000269, "India": 219384.15700000426, "Italy": 100704.47999999946, "Germany": 344796.47700000415, "China": 55700.899999999696}, "file_name": "2019"}