{"total_revenue": 3445476.4739997345, "revenue_per_region": {"India": 285588.9710000039, "United States": 805067.7790000127, "Russia": 151637.39000000103, "United Kingdom": 857584.4650000089, "Canada": 256483.4730000059, "Japan": 143333.8180000012, "Germany": 237569.51600000478, "China": 74456.44599999976, "France": 514517.08100000897, "Italy": 119300.93499999992}, "file_name": "2020"}