{"total_revenue": 3061993.281999771, "revenue_per_region": {"United States": 537491.9110000153, "Germany": 310229.4460000097, "United Kingdom": 452914.8350000163, "France": 573350.3030000051, "Italy": 118160.19199999984, "Canada": 224470.32800000274, "India": 372654.8150000077, "China": 178848.89299999972, "Japan": 160613.09300000157, "Russia": 133403.88599999968}, "file_name": "2021"}