{"total_revenue": 25794864.446012557, "revenue_per_region": {"Japan": 1034675.2490000221, "United Kingdom": 4776333.160999374, "India": 2932711.2069997033, "Russia": 970693.6860000177, "United States": 4870173.898999412, "China": 1168869.5219999678, "France": 3231369.3649997357, "Canada": 3215835.6049996773, "Italy": 1199493.7549999717, "Germany": 2394873.3069997584}, "file_name": "2018"}