{"total_revenue": 30632098.147018768, "revenue_per_region": {"Germany": 2924484.6949997055, "Russia": 1889921.5339998663, "Canada": 2937322.762999638, "Japan": 1180115.229999936, "India": 3393255.1319997488, "United States": 5957026.824999307, "France": 3100884.353999692, "China": 1281620.1119999199, "United Kingdom": 6572918.120999353, "Italy": 1395093.5609999371}, "file_name": "2020"}